Mês,Entrada,Saída,Resultado Líquido
2025-01,287032.27,173510.57,113521.70000000001
2025-02,233162.35,200738.0,32424.350000000006
2025-03,144670.25,257800.51,-113130.26000000001
2025-04,276134.16000000003,300659.79,-24525.629999999946
2025-05,287315.6,208439.61,78875.98999999999
2025-06,243088.23,179027.23,64061.0
